timages,tlabels
tnewt-1.jpg,3
tcroc-1.jpg,0
tfrog2.jpg,1
tfrog1.jpg,1
tfrog3.jpg,1
tfrog4.jpg,1
tfrog5.jpg,1
tfrog6.jpg,1
tfrog7.jpg,1
tfrog8.jpg,1
tfrog9.jpg,1
tfrog10.jpg,1
tcroc2.jpg,0
tcroc3.jpg,0
tcroc4.jpg,0
tcroc5.jpg,0
tcroc6.jpg,0
tcroc7.jpg,0
tcroc8.jpg,0
tcroc9.jpg,0
tcroc10.jpg,0
tliz1.jpg,2
tliz2.jpg,2
tliz3.jpg,2
tliz4.jpg,2
tliz5.jpg,2
tliz6.jpg,2
tliz7.jpg,2
tliz8.jpg,2
tliz9.jpg,2
tliz10.jpg,2
tnewt2.jpg,3
tnewt3.jpg,3
tnewt4.jpg,3
tnewt5.jpg,3
tnewt6.jpg,3
tnewt7.jpg,3
tnewt8.jpg,3
tnewt9.jpg,3
tnewt10.jpg,3
totham1.jpg,4
totham2.jpg,4
totham3.jpg,4
totham4.jpg,4
totham5.jpg,4
totham6.jpg,4
totham7.jpg,4
totham8.jpg,4
totham9.jpg,4
totham10.jpg,4
tsal1.jpg,5
tsal2.jpg,5
tsal3.jpg,5
tsal4.jpg,5
tsal5.jpg,5
tsal6.jpg,5
tsal7.jpg,5
tsal8.jpg,5
tsal9.jpg,5
tsal10.jpg,5
tsnake1.jpg,6
tsnake2.jpg,6
tsnake3.jpg,6
tsnake4.jpg,6
tsnake5.jpg,6
tsnake6.jpg,6
tsnake7.jpg,6
tsnake8.jpg,6
tsnake9.jpg,6
tsnake10.jpg,6
ttoad1.jpg,7
ttoad2.jpg,7
ttoad3.jpg,7
ttoad4.jpg,7
ttoad5.jpg,7
ttoad6.jpg,7
ttoad7.jpg,7
ttoad8.jpg,7
ttoad9.jpg,7
ttoad10.jpg,7
ttuat1.jpg,8
ttuat2.jpg,8
ttuat3.jpg,8
ttuat4.jpg,8
ttuat5.jpg,8
ttuat6.jpg,8
ttuat7.jpg,8
ttuat8.jpg,8
ttuat9.jpg,8
ttuat10.jpg,8
tturt1.jpg,9
tturt2.jpg,9
tturt3.jpg,9
tturt4.jpg,9
tturt5.jpg,9
tturt6.jpg,9
tturt7.jpg,9
tturt8.jpg,9
tturt9.jpg,9
tturt10.jpg,9
